Code,Quantity,Variant
GAS,5,
2PC,5,
RCA,5,
PC,5,
FMX,5,
SL,5,
GA,5,
GS,5,
4DPL,5,
2DPL,5,
3D,5,
3DS,5,
3DDS,5,
6WS,5,
6W,5,
6D,5,
12W,5,
18W,5,
20P,5,
MT,5,
100PVC,5,
150PVC,5,
200PVC,5,
MAB,5,
6M,5,
9M,5,
CB5,5,
CBS12,5,
4TC,5,
5WA,5,
7WA,5,
9WA,5,
18WA,5,
30WA,5,
40WA,5,
18WU,5,
100WR,5,
150WR,5,
12WI,5,
15WI,5,
20WF,5,
30WF,5,
50WF,5,
100WF,5,
E4S,5,
E4S,5,
RR,5,
6CC,5,
6EC,5,
TVJP,5,
TJP,5,
FC,5,
TJ,5,
GJS,5,
FG,5,
TVG,5,
20CS,5,
20B,5,
20MP,5,
20MC,5,
25MNB,5,
32P,5,
SSB,5,
TSB,5,
SMB,5,
TMB,5,
13PC,5,
15PC,5,
20MSC,5,
8MTC,5,
9MTC,5,
10MTC,5,
12MTC,5,
TCC,5,
TB,5,
THG,5,
TUK,5,
10YT,5,
20YT,5,
GS,5,
SNM,5,
2BS,5,
4BS,5,
2TL,5,
4TB,5,
4FL,5,
5WAL,5,
7WAL,5,
9ACL,5,
12WACL,5,
30WACL,5,
40WACL,5,
25MBS,5,
20MBBS,5,
ST,5,
STT,5,
2CZY,5,
4WACZY,5,
5WC,5,
4WTC,5,
6WT,5,
RCS,5,
RCB,5,
SBSC,5,
TWB,5,
MWG,5,
SHB,5,
AHB,5,
SHSS,5,
AHS,5,
HHB,5,
HHS,5,
BL15W,5,
BLE20,5,
BSL,5,
BGW,5,
BF,5,
GAL,5,
1G2S,5,
1G2WW,5,
2G2WL,5,
2G2WW,5,
3G2WL,5,
3G2WLS,5,
4G2WL,5,
INS,5,
20ADP,5,
45AS,5,
SNSFS,5,
SSW,5,
TWSL,5,
TSW,5,
CUS,5,
CUP,5,
CCS,5,
TVOHTC,5,
HS,5,
FS,5,
LS,5,
PCL,5,
INSSW,5,
3RCA,5,
RCSS,5,
SMSS,5,
SMWS,5,
MCSB,5,
SPDP,5,
SCO,5,
TSSS,5,
TBBB,5,
9TPIN,5,
9WTSC,5,
15SCS,5,
25SCC,5,
4SCB,5,
15TEC,5,
25TECC,5,
15SCS,5,
25ESDK,5,
4EB,5,
SKD,5,
SKIEJ,5,
JKSO,5,
KSLOW,5,
KJSJE,5,
JDWPN,5,
JDH,5,
NANNR,5,
 NKRFR,5,
5WERK,5,
6WERK,5,
A4E,5,
CC4E,5,
6EJSB10,5,
5WEJSB,5,
4WAYE,5,
WR20,5,
WR30,5,
FW40,5,
RW50,5,
BSC,5,
BSCS,5,
FM11,5,
C,5,
12PX,5,
22PX,5,
32PX,5,
SSPX,5,
TSX,5,
12CG,5,
22CG,5,
32CG,5,
SSCG,5,
TSCG,5,
15SCC,5,
25SCC,5,
T62LU,5,
IASO5A,5,
ITAD,5,
ILT133,5,
O6AUSB,5,
S6AUSB,5,
HQATG,5,
INLFE1,5,
3GPC,5,
EXX3X,5,
PUN3,5,
ERM,5,
ATUSB,5,
AFCC,5,
C1M,5,
O2AE,5,
AAUB,5,
2AFCA',5,
BP24A,5,
HSSGS,5,
3XCCE,5,
PUNX,5,
AMUSB,5,
BP24C,5,
PCS1M,5,
12WWF,5,
12WWA,5,
6.00E+10,5,
WD32S,5,
MBGOTG,5,
UBS3,5,
BTFMM,5,
TBL23,5,
I21C1,5,
15ITELB,5,
OLB,5,
NRIB,5,
TCOB,5,
NPR,5,
JJB,5,
JJS,5,
JJG,5,
FD2G55,5,
FD4GB,5,
FLD8GB,5,
FD16GB,5,
FD32GB,5,
FD64GB,5,
MC2GB,5,
MC2GBS,5,
MC4GBB,5,
MC8B,5,
MC16GB,5,
MC16GBM,5,
MC32GB,5,
MC64GB,5,
IPD3,5,
115TWS,5,
555GB,5,
ITB,5,
PB12BL,5,
HDMI,5,
PBUSB,5,
AKZ,5,
P47,5,
ASSOU,5,
HP24GWM,5,
HPDEL,5,
SBHES,5,
180MO1600DPI,5,
MPOTG,5,
ACCWUSB,5,
ACC,5,
EBS,5,
PUNXUSBC,5,
16MX,5,
15PODS,5,
DV5I14,5,
FPMWV5,5,
3BY3,5,
2BY1,5,
MRS,5,
5GUCS,5,
6WC10E,5,
TYCE,5,
CPP,5,
OR,5,
AMPB,5,
SPWEB,5,
BUPRB,5,
VL301,5,
MC128,5,
FD128,5,
60WSF,5,
100SLF,5,
200WSF,5,
OFCPH,5,
OCFC,5,
OXFCPH300,5,
OXFCPH600,5,
2B1RCA,5,
W26SMAR,5,
3RCAOF,5,
BWALB,5,
LEDWAL,5,
RATB,5,
AVSC32,5,
NLB12S,5,
RABF,5,
RCAJP,5,
MPJSM,5,
RCAJSP,5,
RCAJA,5,
FCB,5,
LJP,5,
DCJP,5,
HOOKS,5,
MICJS,5,
2BY1JM,5,
SN1I,5,
SNA3,5,
SNA32,5,
SN3I,5,
SN4I,5,
2FL,5,
SLMW,5,
BI250W,5,
PHES,5,
BELDOR,5,
BELDB,5,
BD1806,5,
BD1804,5,
BD1807,5,
BD1808,5,
BD1816,5,
BD220,5,
BD220W,5,
BTF4V,5,
T1GSLS,5,
T1GSLS,5,
T1GSLSA,5,
T1GSLSLA,5,
T1GSALE,5,
T1GSLS1,5,
T1GSLS2,5,
T1GSLS3,5,
T1GSLS4,5,
T1GSLS5,5,
T1GSLS6,5,
T1GSLS7,5,
T1GSLS8,5,
T1GSLS9,5,
T1GSLS10,5,
T1GSLS11,5,
BLT5W,5,
BLT5W1,5,
BLT5W2,5,
BLT5W3,5,
BLT5W3,5,
BLT5W4,5,
BLT5W5,5,
BLT5W6,5,
BLT5W7,5,
BLT5W8,5,
BLT5W9,5,
BLT5W10,5,
BLT5W11,5,
BLT5W12,5,
BLT5W13,5,
BLT5W14,5,
BLT5W15,5,
BLT5W16,5,
T1E4WB,5,
T1E4WB1,5,
T1E4WB2,5,
E4SPTS,5,
E4SPTS,5,
E4SPTS1,5,
E4SPTS2,5,
E4SPTS3,5,
E4SPTS4,5,
E4SPTS5,5,
E4SPTS6,5,
E4SPTS7,5,
E4SPTS8,5,
E4SPTS9,5,
E4SPTS10,5,
TMSKMNI,5,
TMSKMNI1,5,
TMSKMNI2,5,
TMSKMNI3,5,
TMSKMNI4,5,
TMSKMNI5,5,
TMSKMNI6,5,
TMSKMNI7,5,
TMSKMNI8,5,
TMSKMNI9,5,
TMSKMNI10,5,
TMSKMNI11,5,
TMSKMNI12,5,
TMSKM11,5,
INTBT0,5,
INTBT01,5,
INTBT02,5,
INTBT03,5,
INTBT04,5,
INTBT05,5,
INTBT06,5,
INTBT07,5,
INTBT08,5,
INTBT09,5,
INTBT010,5,
INTBT00,5,
INTBT011,5,
INTBT00393,5,
INTBT02,5,
CBTNBK,5,
FLTSDL,5,
FLLTSDL,5,
FLD1,5,
FLEDBKDL,5,
PSTPH,5,
SMITPH,5,
WCBRC,5,
WTCB,5,
LMWS24,5,
LMWS22,5,
LMWS18,5,
LMWS16,5,
LMWS15,5,
LMWS13,5,
LMWS11,5,
LMWS9,5,
LMWS8,5,
LMWS7,5,
LMWS6,5,
OHRSL,5,
HFSA,5,
CLH,5,
TBS,5,
TBSFG,5,
OES32,5,
OES30,5,
OES28,5,
OES27,5,
OES24,5,
OES218,5,
OES19,5,
OES11,5,
OES9,5,
OES7,5,
OES221,5,
SSBH,5,
ATCAD,5,
ATCAD27,5,
ATCAD28,5,
ATCAD288,5,
ATCAD31,5,
ATCAD12,5,
15FWE,5,
